id,value,feed_id,created_at,lat,lon,ele
0ECXSET8Y6G289TC6WRSES3QNS,ON,1208064,2020-03-09 09:47:36 UTC,,,
0ECXSETEGJPDP5TRFH5MADHW0R,OFF,1208064,2020-03-09 09:47:36 UTC,,,
0ECXSETS8YHMFYXBQ2FTMNMSQE,ON,1208064,2020-03-09 09:47:38 UTC,,,
0ECXSETX0FRPJJNX52PJV2YQR0,OFF,1208064,2020-03-09 09:47:38 UTC,,,
0ECXSEV2GCWD8QNJDPS4HFZ4CC,ON,1208064,2020-03-09 09:47:39 UTC,,,
0ECXSEV8ATC4MA09RS3X1E97V6,OFF,1208064,2020-03-09 09:47:39 UTC,,,
0ECXSEVH0Q9GC44DFX8K6S5V2Y,ON,1208064,2020-03-09 09:47:40 UTC,,,
0ECXSEVZJ1V623JGT3DRCA439R,OFF,1208064,2020-03-09 09:47:42 UTC,,,
0ECXSEWFDCS960NV94NGES35HX,ON,1208064,2020-03-09 09:47:43 UTC,,,
0ECXSEWY658DKR1W1P8GNAZKHR,OFF,1208064,2020-03-09 09:47:45 UTC,,,
0EDEEQHEKB0DCYF1RMJAFC1P3H,ON,1208064,2020-03-30 02:50:22 UTC,,,
0EDEER7QYRSTVZSPAXJRQ0M9PQ,OFF,1208064,2020-03-30 02:51:35 UTC,,,
0EDEER803N3ZX8BP9C6VC0PH1Q,ON,1208064,2020-03-30 02:51:36 UTC,,,
0EDEER8E0X922PKXPQPDBX82J4,OFF,1208064,2020-03-30 02:51:37 UTC,,,
0EDEERAHX4R5BNZ347AQ1PD1TD,ON,1208064,2020-03-30 02:51:44 UTC,,,
0EDEERB2BVC7FK1AP3SF0V3RXB,OFF,1208064,2020-03-30 02:51:46 UTC,,,
0EDEEZ1F2PXFYZ3MGX9TMHNRQK,ON,1208064,2020-03-30 03:03:28 UTC,,,
0EDEKQF3YB2JRJQ4AVDMETBD40,OFF,1208064,2020-03-30 07:29:52 UTC,,,
0EDEKQFFBB9WR1XBR6NXF3YK5V,ON,1208064,2020-03-30 07:29:53 UTC,,,
0EDEKQJ53QKEX6FDPTJM9XYCCH,OFF,1208064,2020-03-30 07:30:01 UTC,,,
0EDEKQJJ6BQWFZA1ZX6R5RXP8A,ON,1208064,2020-03-30 07:30:03 UTC,,,
0EDEKQK0G5CMVWARABSDWEHES7,OFF,1208064,2020-03-30 07:30:04 UTC,,,
0EDEKQKCMNJT9GP238TK8Q0WH1,ON,1208064,2020-03-30 07:30:06 UTC,,,
0EDEKQKV97631MBNM5E1Z250RR,OFF,1208064,2020-03-30 07:30:07 UTC,,,
