id,value,feed_id,created_at,lat,lon,ele
0ECXSERKR3G804TJZWGDHVTH33,ON,1206594,2020-03-09 09:47:30 UTC,,,
0EDEER8S5K98SJ6KHNTDJQR21M,OFF,1206594,2020-03-30 02:51:38 UTC,,,
0EDEER907156JBM3X96VGK5YYH,ON,1206594,2020-03-30 02:51:39 UTC,,,
0EDEER9BE9TNWYGWKWFH59EZ7R,OFF,1206594,2020-03-30 02:51:40 UTC,,,
0EDEERA6AVF8XN1M84F8WNM041,ON,1206594,2020-03-30 02:51:43 UTC,,,
0EDEERADHVH9V72HC18RYMTBBB,OFF,1206594,2020-03-30 02:51:44 UTC,,,
0EDEERB8VYX3A91W16494X4RMC,ON,1206594,2020-03-30 02:51:47 UTC,,,
0EDEERBKS9CG0246Z2ABVQH149,OFF,1206594,2020-03-30 02:51:48 UTC,,,
0EDEEXEWSFV3W8BHMZPMFA22K9,ON,1206594,2020-03-30 03:00:43 UTC,,,
0EDEEXF3SYSDPPEB26RM144JA3,OFF,1206594,2020-03-30 03:00:43 UTC,,,
0EDEEXF8FJ8S3XAD44K01N16S6,ON,1206594,2020-03-30 03:00:44 UTC,,,
0EDEEXF9PH6X0G13X3ZK5VCGGQ,OFF,1206594,2020-03-30 03:00:44 UTC,,,
0EDEEXFFFC9BMGN8ZSFSEJA8HT,ON,1206594,2020-03-30 03:00:45 UTC,,,
0EDEEXHM39X42RR020WDP2TKXV,OFF,1206594,2020-03-30 03:00:52 UTC,,,
0EDEEXVRPDME06WHXA2ZJPVG7G,ON,1206594,2020-03-30 03:01:25 UTC,,,
0EDEEZ0T0QF446ZTJYF5PDYZ33,OFF,1206594,2020-03-30 03:03:26 UTC,,,
0EDEKQECRYKXNHMH1E7J69DPSG,ON,1206594,2020-03-30 07:29:49 UTC,,,
