id,value,feed_id,created_at,lat,lon,ele
0ECXSER7DT88DFQBCRWVVY6KJY,ON,1206593,2020-03-09 09:47:29 UTC,,,
0EDEER99HMJ56MBTM041CP05VZ,OFF,1206593,2020-03-30 02:51:40 UTC,,,
0EDEEXVWTT2157801WNEDSWRCY,ON,1206593,2020-03-30 03:01:25 UTC,,,
0EDEEZ0Y0XRK4V7H10RRNFAW4G,OFF,1206593,2020-03-30 03:03:27 UTC,,,
0EDEEZ16NYBFH3AGEKQV1W40DA,ON,1206593,2020-03-30 03:03:28 UTC,,,
0EDEF43BXRASTW9RABGZVMW85K,OFF,1206593,2020-03-30 03:12:19 UTC,,,
0EDEF43HEAPKH8G26MZC1AX9BY,ON,1206593,2020-03-30 03:12:20 UTC,,,
0EDEKQCS4BTN7VGZW5PWCFQ6E3,OFF,1206593,2020-03-30 07:29:44 UTC,,,
0EDEKQD47YZRGXN7G5YX0XNANE,ON,1206593,2020-03-30 07:29:45 UTC,,,
0EDEKQDFJBYEJVC0H2SHRHD5SZ,OFF,1206593,2020-03-30 07:29:46 UTC,,,
0EDEKQDSDDYJ8SQPE5EJ2NDFM9,ON,1206593,2020-03-30 07:29:47 UTC,,,
