id,value,feed_id,created_at,lat,lon,ele
0ECXSEQ4VME9H5RJ0BYRXD6J3E,ON,1206590,2020-03-09 09:47:26 UTC,,,
0ECY6BTJGE34KBBGA386F6BATJ,ON,1206590,2020-03-09 21:49:23 UTC,,,
0EDEER9NYAWNN9JN9F1F7TFQGX,OFF,1206590,2020-03-30 02:51:41 UTC,,,
0EDEERCSEH4RPPSN5PB7Y3CKHB,ON,1206590,2020-03-30 02:51:52 UTC,,,
0EDEERD1B7KWZKDYKXT5JHY1E1,OFF,1206590,2020-03-30 02:51:52 UTC,,,
0EDEERHMPV7HPE8RG027RGCAH6,ON,1206590,2020-03-30 02:52:07 UTC,,,
0EDEERHVAHZSC8P6NCF2EPJE51,OFF,1206590,2020-03-30 02:52:08 UTC,,,
0EDEEXDNE6JZHYC6H49M5YRAF3,ON,1206590,2020-03-30 03:00:39 UTC,,,
0EDEEXDW4ZP79VKS9G3W7BR9XG,OFF,1206590,2020-03-30 03:00:39 UTC,,,
0EDEKGSBWRZH7N75EXFB0GWM77,ON,1206590,2020-03-30 07:18:11 UTC,,,
0EDEKGT6K5SF5WMN44N76FR8VP,OFF,1206590,2020-03-30 07:18:14 UTC,,,
0EDEKGTN3HBT267ZJXZHPY1WAQ,ON,1206590,2020-03-30 07:18:15 UTC,,,
0EDEKGV69MM8RFC93DS30R4APA,OFF,1206590,2020-03-30 07:18:17 UTC,,,
0EDEKQGB8YYRET2G91DJWW6K28,ON,1206590,2020-03-30 07:29:56 UTC,,,
0EDEKQGJS462Y7PK5GHGDA3N33,OFF,1206590,2020-03-30 07:29:56 UTC,,,
